{
    "Spatial Relationship": {
        "yes_count": 53,
        "no_count": 49,
        "accuracy": 0.5196078431372549
    },
    "Optical Character Recognition": {
        "yes_count": 133,
        "no_count": 52,
        "accuracy": 0.7189189189189189
    },
    "Object Recognition/Reasoning": {
        "yes_count": 140,
        "no_count": 75,
        "accuracy": 0.6511627906976745
    },
    "Action Recognition/Reasoning": {
        "yes_count": 102,
        "no_count": 87,
        "accuracy": 0.5396825396825397
    },
    "Attribute Perception": {
        "yes_count": 213,
        "no_count": 159,
        "accuracy": 0.5725806451612904
    },
    "Count Problem": {
        "yes_count": 66,
        "no_count": 48,
        "accuracy": 0.5789473684210527
    },
    "Total examples": 1177,
    "Average accuracy": 0.5968166843364552
}