{
    "Spatial Relationship": {
        "yes_count": 49,
        "no_count": 53,
        "accuracy": 0.4803921568627451
    },
    "Optical Character Recognition": {
        "yes_count": 134,
        "no_count": 51,
        "accuracy": 0.7243243243243244
    },
    "Object Recognition/Reasoning": {
        "yes_count": 134,
        "no_count": 81,
        "accuracy": 0.6232558139534884
    },
    "Action Recognition/Reasoning": {
        "yes_count": 96,
        "no_count": 93,
        "accuracy": 0.5079365079365079
    },
    "Attribute Perception": {
        "yes_count": 207,
        "no_count": 165,
        "accuracy": 0.5564516129032258
    },
    "Count Problem": {
        "yes_count": 63,
        "no_count": 51,
        "accuracy": 0.5526315789473685
    },
    "Total examples": 1177,
    "Average accuracy": 0.5741653324879433
}