{
    "Spatial Relationship": {
        "yes_count": 49,
        "no_count": 53,
        "accuracy": 0.4803921568627451
    },
    "Optical Character Recognition": {
        "yes_count": 136,
        "no_count": 49,
        "accuracy": 0.7351351351351352
    },
    "Object Recognition/Reasoning": {
        "yes_count": 133,
        "no_count": 82,
        "accuracy": 0.6186046511627907
    },
    "Action Recognition/Reasoning": {
        "yes_count": 100,
        "no_count": 89,
        "accuracy": 0.5291005291005291
    },
    "Attribute Perception": {
        "yes_count": 187,
        "no_count": 185,
        "accuracy": 0.5026881720430108
    },
    "Count Problem": {
        "yes_count": 60,
        "no_count": 54,
        "accuracy": 0.5263157894736842
    },
    "Total examples": 1177,
    "Average accuracy": 0.5653727389629825
}