{
    "Spatial Relationship": {
        "yes_count": 50,
        "no_count": 52,
        "accuracy": 0.49019607843137253
    },
    "Optical Character Recognition": {
        "yes_count": 135,
        "no_count": 50,
        "accuracy": 0.7297297297297297
    },
    "Object Recognition/Reasoning": {
        "yes_count": 133,
        "no_count": 82,
        "accuracy": 0.6186046511627907
    },
    "Action Recognition/Reasoning": {
        "yes_count": 101,
        "no_count": 88,
        "accuracy": 0.5343915343915344
    },
    "Attribute Perception": {
        "yes_count": 190,
        "no_count": 182,
        "accuracy": 0.510752688172043
    },
    "Count Problem": {
        "yes_count": 60,
        "no_count": 54,
        "accuracy": 0.5263157894736842
    },
    "Total examples": 1177,
    "Average accuracy": 0.568331745226859
}